Workbook

Sheet Sommaire
A1: FICHE GENERALE SANITAIRES PRO
A2: Navigation rapide
A3: Feuille | B3: Accès direct
A4: Consultations | B4: Ouvrir la feuille
A5: Hospitalisations | B5: Ouvrir la feuille
A6: Bloc opératoire | B6: Ouvrir la feuille
A7: Services spécialisés | B7: Ouvrir la feuille
A8: Imagerie médicale | B8: Ouvrir la feuille
A9: Laboratoire | B9: Ouvrir la feuille
A10: Programmes de santé | B10: Ouvrir la feuille
A11: Maladies notifiables | B11: Ouvrir la feuille
A12: Morbidité & mortalité | B12: Ouvrir la feuille
A13: Ressources humaines | B13: Ouvrir la feuille
A14: Activités sociales | B14: Ouvrir la feuille
... A17: Dashboard | B17: Ouvrir la feuille

Sheet Consultations
A1: Groupe d’âge | B1: Masculin | C1: Féminin | D1: Total | F1: Retour au sommaire
A2: Enfants (0–14) | B2: 12 | C2: 4 | D2: =SUM(B2,C2) -> 16
A3: Adolescents (15–19) | B3: 10 | C3: 4 | D3: =SUM(B3,C3) -> 14
A4: Adultes (20–59) | B4: 1 | C4: 6 | D4: =SUM(B4,C4) -> 7
A5: Personnes âgées (60+) | B5: 2 | C5: 2 | D5: =SUM(B5,C5) -> 4
A6: Total consultations | B6: =SUM(B2:B5) -> 25 | C6: =SUM(C2:C5) -> 16 | D6: =SUM(D2:D5) -> 41

Sheet Hospitalisations
A1: Service | B1: Enfants | C1: Adolescents | D1: Adultes | E1: Personnes âgées | F1: Total | G1: Décès (M) | H1: Décès (F) | J1: Retour au sommaire
A2: Médecine | B2: 12 | C2: 23 | F2: =SUM(B2:E2) -> 35
A3: Pédiatrie | C3: 12 | F3: =SUM(B3:E3) -> 12
A4: Chirurgie | F4: =SUM(B4:E4) -> 0
A5: Maternité | F5: =SUM(B5:E5) -> 0
A6: Réanimation | F6: =SUM(B6:E6) -> 0
A7: Total | B7: =SUM(B2:B6) -> 12 | C7: =SUM(C2:C6) -> 35 | D7: =SUM(D2:D6) -> 0 | E7: =SUM(E2:E6) -> 0 | F7: =SUM(F2:F6) -> 47 | G7: =SUM(G2:G6) -> 0 | H7: =SUM(H2:H6) -> 0

Sheet Bloc opératoire
A1: Type d’intervention | B1: Enfants | C1: Adolescents | D1: Adultes | E1: Personnes âgées | F1: Total | H1: Retour au sommaire
A2: Chirurgies majeures | F2: =SUM(B2,C2,D2,E2) -> 0
A3: Chirurgies mineures | F3: =SUM(B3,C3,D3,E3) -> 0
A4: Total interventions | B4: =SUM(B2:B3) -> 0 | C4: =SUM(C2:C3) -> 0 | D4: =SUM(D2:D3) -> 0 | E4: =SUM(E2:E3) -> 0 | F4: =SUM(F2:F3) -> 0

Sheet Services spécialisés
A1: Service | B1: Enfants | C1: Adolescents | D1: Adultes | E1: Personnes âgées | F1: Total | H1: Retour au sommaire
A2: Dentisterie | F2: =SUM(B2,C2,D2,E2) -> 0
A3: Ophtalmologie | F3: =SUM(B3,C3,D3,E3) -> 0
A4: Physiothérapie | F4: =SUM(B4,C4,D4,E4) -> 0
A5: Nutrition | F5: =SUM(B5,C5,D5,E5) -> 0
A6: Santé mentale | F6: =SUM(B6,C6,D6,E6) -> 0
A7: Total | B7: =SUM(B2:B6) -> 0 | C7: =SUM(C2:C6) -> 0 | D7: =SUM(D2:D6) -> 0 | E7: =SUM(E2:E6) -> 0 | F7: =SUM(F2:F6) -> 0

Sheet Imagerie médicale
A1: Examen | B1: Enfants | C1: Adolescents | D1: Adultes | E1: Personnes âgées | F1: Total | H1: Retour au sommaire
A2: Radiologie | F2: =SUM(B2,C2,D2,E2) -> 0
A3: Échographie | F3: =SUM(B3,C3,D3,E3) -> 0
A4: ECG | F4: =SUM(B4,C4,D4,E4) -> 0
A5: Total | B5: =SUM(B2:B4) -> 0 | C5: =SUM(C2:C4) -> 0 | D5: =SUM(D2:D4) -> 0 | E5: =SUM(E2:E4) -> 0 | F5: =SUM(F2:F4) -> 0

Sheet Laboratoire
A1: Discipline | B1: Enfants | C1: Adolescents | D1: Adultes | E1: Personnes âgées | F1: Total | H1: Retour au sommaire
A2: Parasitologie | F2: =SUM(B2,C2,D2,E2) -> 0
A3: Bactériologie | F3: =SUM(B3,C3,D3,E3) -> 0
A4: Sérologie | F4: =SUM(B4,C4,D4,E4) -> 0
A5: Hématologie | F5: =SUM(B5,C5,D5,E5) -> 0
A6: Biochimie | F6: =SUM(B6,C6,D6,E6) -> 0
A7: Total | B7: =SUM(B2:B6) -> 0 | C7: =SUM(C2:C6) -> 0 | D7: =SUM(D2:D6) -> 0 | E7: =SUM(E2:E6) -> 0 | F7: =SUM(F2:F6) -> 0

Sheet Programmes de santé
A1: Programme | B1: Indicateur | C1: Enfants | D1: Adolescents | E1: Adultes | F1: Personnes âgées | G1: Total | I1: Retour au sommaire
A2: PEV | B2: Enfants vaccinés | D2: - | E2: - | F2: - | G2: =SUM(C2,D2,E2,F2) -> 0
A3: CPN | B3: Femmes suivies | G3: =SUM(C3,D3,E3,F3) -> 0
A4: Accouchements | B4: Nombre | C4: - | D4: - | G4: =SUM(C4,D4,E4,F4) -> 0
A5: Césariennes | B5: Nombre | C5: - | D5: - | G5: =SUM(C5,D5,E5,F5) -> 0
A6: UPEC | B6: File active VIH | G6: =SUM(C6,D6,E6,F6) -> 0
A7: PTME | B7: Femmes enceintes testées | C7: - | G7: =SUM(C7,D7,E7,F7) -> 0
A8: CDT | B8: Cas tuberculose | G8: =SUM(C8,D8,E8,F8) -> 0
A9: Total | C9: =SUM(C2:C8) -> 0 | D9: =SUM(D2:D8) -> 0 | E9: =SUM(E2:E8) -> 0 | F9: =SUM(F2:F8) -> 0 | G9: =SUM(G2:G8) -> 0

Sheet Maladies notifiables
A1: Maladie | B1: Enfants | C1: Adolescents | D1: Adultes | E1: Personnes âgées | F1: Total | H1: Retour au sommaire
A2: Paludisme | F2: =SUM(B2,C2,D2,E2) -> 0
A3: Tuberculose | F3: =SUM(B3,C3,D3,E3) -> 0
A4: Tétanos néonatal | F4: =SUM(B4,C4,D4,E4) -> 0
A5: Lèpre | F5: =SUM(B5,C5,D5,E5) -> 0
A6: Fièvre jaune | F6: =SUM(B6,C6,D6,E6) -> 0
A7: Méningite (CSM) | F7: =SUM(B7,C7,D7,E7) -> 0
A8: Rage humaine | F8: =SUM(B8,C8,D8,E8) -> 0
A9: Choléra | F9: =SUM(B9,C9,D9,E9) -> 0
A10: Fièvre typhoïde | F10: =SUM(B10,C10,D10,E10) -> 0
A11: Poliomyélite | F11: =SUM(B11,C11,D11,E11) -> 0
A12: Rougeole | F12: =SUM(B12,C12,D12,E12) -> 0
A13: COVID-19 | F13: =SUM(B13,C13,D13,E13) -> 0
A14: Total | B14: =SUM(B2:B13) -> 0 | C14: =SUM(C2:C13) -> 0 | D14: =SUM(D2:D13) -> 0 | E14: =SUM(E2:E13) -> 0 | F14: =SUM(F2:F13) -> 0

Sheet Morbidité & mortalité
A1: Indicateur | B1: Enfants | C1: Adolescents | D1: Adultes | E1: Personnes âgées | F1: Total | H1: Retour au sommaire
A2: Top 10 maladies | F2: =SUM(B2,C2,D2,E2) -> 0
A3: Décès hospitaliers | F3: =SUM(B3,C3,D3,E3) -> 0
A4: Décès maternels | B4: - | C4: - | F4: =SUM(B4,C4,D4,E4) -> 0
A5: Taux mortalité hospitalière (%) | F5: =SUM(B5,C5,D5,E5) -> 0
A6: Taux mortalité maternelle (%) | B6: - | C6: - | F6: =SUM(B6,C6,D6,E6) -> 0
A7: Total | B7: =SUM(B2:B6) -> 0 | C7: =SUM(C2:C6) -> 0 | D7: =SUM(D2:D6) -> 0 | E7: =SUM(E2:E6) -> 0 | F7: =SUM(F2:F6) -> 0

Sheet Ressources humaines
A1: Catégorie | B1: Masculin | C1: Féminin | D1: Total | F1: Retour au sommaire
A2: Spécialistes | D2: =SUM(B2,C2) -> 0
A3: Médecins | D3: =SUM(B3,C3) -> 0
A4: Infirmiers | D4: =SUM(B4,C4) -> 0
A5: Sages-femmes | B5: - | D5: =SUM(B5,C5) -> 0
A6: Infirmiers spécialisés | D6: =SUM(B6,C6) -> 0
A7: Laboratoire | D7: =SUM(B7,C7) -> 0
A8: Imagerie | D8: =SUM(B8,C8) -> 0
A9: Pharmacie | D9: =SUM(B9,C9) -> 0
A10: Administration | D10: =SUM(B10,C10) -> 0
A11: Autres | D11: =SUM(B11,C11) -> 0
A12: Total | B12: =SUM(B2:B11) -> 0 | C12: =SUM(C2:C11) -> 0 | D12: =SUM(D2:D11) -> 0

Sheet Activités sociales
A1: Activité | B1: Masculin | C1: Féminin | D1: Total | F1: Retour au sommaire
A2: Réunions de direction | D2: =SUM(B2,C2) -> 0
A3: Formations continues | D3: =SUM(B3,C3) -> 0
A4: Cultes / assistance spirituelle | D4: =SUM(B4,C4) -> 0
A5: Rondes auprès des patients | D5: =SUM(B5,C5) -> 0
A6: Total | B6: =SUM(B2:B5) -> 0 | C6: =SUM(C2:C5) -> 0 | D6: =SUM(D2:D5) -> 0

Sheet Évolution mensuelle
A1: Mois | B1: Consultations (M) | C1: Consultations (F) | D1: Hospitalisations | E1: Décès hosp. | F1: Bloc opér. | G1: Analyses labo | I1: Retour au sommaire
A2: Janvier
A3: Février
A4: Mars
A5: Avril
A6: Mai
A7: Juin
A8: Juillet
A9: Août
A10: Septembre
A11: Octobre
A12: Novembre
A13: Décembre
A14: Total annuel | B14: =SUM(B2:B13) -> 0 | C14: =SUM(C2:C13) -> 0 | D14: =SUM(D2:D13) -> 0 | E14: =SUM(E2:E13) -> 0 | F14: =SUM(F2:F13) -> 0 | G14: =SUM(G2:G13) -> 0

Sheet Tableaux de synthèse
A1: TABLEAUX DE SYNTHESE PROFESSIONNELS | V1: Retour au sommaire
A2: Vue consolidée des indicateurs à utiliser pour le reporting et le dashboard
A3: Indicateurs clés | E3: Consultations par âge et sexe | I3: Hospitalisations par service | L3: Ressources humaines par catégorie | O3: Décès hospitaliers par âge | R3: Activité technique | U3: Maladies notifiables | X3: Programmes de santé
A4: Indicateur | B4: Valeur | E4: Groupe d’âge | F4: Masculin | G4: Féminin | I4: Service | J4: Total | L4: Catégorie | M4: Total | O4: Tranche d’âge | P4: Décès | R4: Activité | S4: Volume | U4: Maladie | V4: Total cas | X4: Programme | Y4: Réalisations
A5: Consultations totales | B5: =Consultations!D6 -> 41 | E5: Enfants (0–14) | F5: =Consultations!B2 -> 12 | G5: =Consultations!C2 -> 4 | I5: Médecine | J5: =Hospitalisations!F2 -> 35 | L5: Spécialistes | M5: ='Ressources humaines'!D2 -> 0 | O5: Enfants | P5: ='Morbidité & mortalité'!B3 | R5: Bloc opératoire | S5: ='Bloc opératoire'!F4 -> 0 | U5: Paludisme | V5: ='Maladies notifiables'!F2 -> 0 | X5: PEV (vaccination) | Y5: ='Programmes de santé'!G2 -> 0
A6: Hospitalisations totales | B6: =Hospitalisations!F7 -> 47 | E6: Adolescents (15–19) | F6: =Consultations!B3 -> 10 | G6: =Consultations!C3 -> 4 | I6: Pédiatrie | J6: =Hospitalisations!F3 -> 12 | L6: Médecins | M6: ='Ressources humaines'!D3 -> 0 | O6: Adolescents | P6: ='Morbidité & mortalité'!C3 | R6: Laboratoire | S6: =Laboratoire!F7 -> 0 | U6: Tuberculose | V6: ='Maladies notifiables'!F3 -> 0 | X6: CPN | Y6: ='Programmes de santé'!G3 -> 0
A7: Décès hospitaliers | B7: =SUM(Hospitalisations!G7,Hospitalisations!H7) -> 0 | E7: Adultes (20–59) | F7: =Consultations!B4 -> 1 | G7: =Consultations!C4 -> 6 | I7: Chirurgie | J7: =Hospitalisations!F4 -> 0 | L7: Infirmiers | M7: ='Ressources humaines'!D4 -> 0 | O7: Adultes | P7: ='Morbidité & mortalité'!D3 | R7: Imagerie | S7: ='Imagerie médicale'!F5 -> 0 | U7: Tétanos néonatal | V7: ='Maladies notifiables'!F4 -> 0 | X7: Accouchements | Y7: ='Programmes de santé'!G4 -> 0
A8: Interventions bloc | B8: ='Bloc opératoire'!F4 -> 0 | E8: Personnes âgées (60+) | F8: =Consultations!B5 -> 2 | G8: =Consultations!C5 -> 2 | I8: Maternité | J8: =Hospitalisations!F5 -> 0 | L8: Sages-femmes | M8: ='Ressources humaines'!D5 -> 0 | O8: Personnes âgées | P8: ='Morbidité & mortalité'!E3 | R8: Services spécialisés | S8: ='Services spécialisés'!F7 -> 0 | U8: Lèpre | V8: ='Maladies notifiables'!F5 -> 0 | X8: Césariennes | Y8: ='Programmes de santé'!G5 -> 0
A9: Services spécialisés | B9: ='Services spécialisés'!F7 -> 0 | I9: Réanimation | J9: =Hospitalisations!F6 -> 0 | L9: Infirmiers spécialisés | M9: ='Ressources humaines'!D6 -> 0 | U9: Fièvre jaune | V9: ='Maladies notifiables'!F6 -> 0 | X9: UPEC / VIH | Y9: ='Programmes de santé'!G6 -> 0
A10: Imagerie médicale | B10: ='Imagerie médicale'!F5 -> 0 | L10: Laboratoire | M10: ='Ressources humaines'!D7 -> 0 | U10: Méningite (CSM) | V10: ='Maladies notifiables'!F7 -> 0 | X10: PTME | Y10: ='Programmes de santé'!G7 -> 0
A11: Analyses laboratoire | B11: =Laboratoire!F7 -> 0 | L11: Imagerie | M11: ='Ressources humaines'!D8 -> 0 | U11: Rage humaine | V11: ='Maladies notifiables'!F8 -> 0 | X11: CDT / Tuberculose | Y11: ='Programmes de santé'!G8 -> 0
A12: Ressources humaines | B12: ='Ressources humaines'!D12 -> 0 | L12: Pharmacie | M12: ='Ressources humaines'!D9 -> 0 | U12: Choléra | V12: ='Maladies notifiables'!F9 -> 0
L13: Administration | M13: ='Ressources humaines'!D10 -> 0 | U13: Fièvre typhoïde | V13: ='Maladies notifiables'!F10 -> 0
L14: Autres | M14: ='Ressources humaines'!D11 -> 0 | U14: Poliomyélite | V14: ='Maladies notifiables'!F11 -> 0
U15: Rougeole | V15: ='Maladies notifiables'!F12 -> 0
U16: COVID-19 | V16: ='Maladies notifiables'!F13 -> 0
A20: Évolution mensuelle – Activité sanitaire | I20: Analyse comparative par tranche d'âge
A21: Mois | B21: Consult. M | C21: Consult. F | D21: Hospitalisations | E21: Décès hosp. | F21: Bloc opér. | G21: Analyses labo | I21: Tranche d'âge | J21: Consultations | K21: Hospitalisations | L21: Maladies notif.
A22: Janvier | B22: ='Évolution mensuelle'!B2 | C22: ='Évolution mensuelle'!C2 | D22: ='Évolution mensuelle'!D2 | E22: ='Évolution mensuelle'!E2 | F22: ='Évolution mensuelle'!F2 | G22: ='Évolution mensuelle'!G2 | I22: Enfants (0–14) | J22: =Consultations!D2 -> 16 | K22: =Hospitalisations!B7 -> 12 | L22: ='Maladies notifiables'!B14 -> 0
A23: Février | B23: ='Évolution mensuelle'!B3 | C23: ='Évolution mensuelle'!C3 | D23: ='Évolution mensuelle'!D3 | E23: ='Évolution mensuelle'!E3 | F23: ='Évolution mensuelle'!F3 | G23: ='Évolution mensuelle'!G3 | I23: Adolescents (15–19) | J23: =Consultations!D3 -> 14 | K23: =Hospitalisations!C7 -> 35 | L23: ='Maladies notifiables'!C14 -> 0
A24: Mars | B24: ='Évolution mensuelle'!B4 | C24: ='Évolution mensuelle'!C4 | D24: ='Évolution mensuelle'!D4 | E24: ='Évolution mensuelle'!E4 | F24: ='Évolution mensuelle'!F4 | G24: ='Évolution mensuelle'!G4 | I24: Adultes (20–59) | J24: =Consultations!D4 -> 7 | K24: =Hospitalisations!D7 -> 0 | L24: ='Maladies notifiables'!D14 -> 0
A25: Avril | B25: ='Évolution mensuelle'!B5 | C25: ='Évolution mensuelle'!C5 | D25: ='Évolution mensuelle'!D5 | E25: ='Évolution mensuelle'!E5 | F25: ='Évolution mensuelle'!F5 | G25: ='Évolution mensuelle'!G5 | I25: Personnes âgées (60+) | J25: =Consultations!D5 -> 4 | K25: =Hospitalisations!E7 -> 0 | L25: ='Maladies notifiables'!E14 -> 0
A26: Mai | B26: ='Évolution mensuelle'!B6 | C26: ='Évolution mensuelle'!C6 | D26: ='Évolution mensuelle'!D6 | E26: ='Évolution mensuelle'!E6 | F26: ='Évolution mensuelle'!F6 | G26: ='Évolution mensuelle'!G6
A27: Juin | B27: ='Évolution mensuelle'!B7 | C27: ='Évolution mensuelle'!C7 | D27: ='Évolution mensuelle'!D7 | E27: ='Évolution mensuelle'!E7 | F27: ='Évolution mensuelle'!F7 | G27: ='Évolution mensuelle'!G7
A28: Juillet | B28: ='Évolution mensuelle'!B8 | C28: ='Évolution mensuelle'!C8 | D28: ='Évolution mensuelle'!D8 | E28: ='Évolution mensuelle'!E8 | F28: ='Évolution mensuelle'!F8 | G28: ='Évolution mensuelle'!G8
A29: Août | B29: ='Évolution mensuelle'!B9 | C29: ='Évolution mensuelle'!C9 | D29: ='Évolution mensuelle'!D9 | E29: ='Évolution mensuelle'!E9 | F29: ='Évolution mensuelle'!F9 | G29: ='Évolution mensuelle'!G9
A30: Septembre | B30: ='Évolution mensuelle'!B10 | C30: ='Évolution mensuelle'!C10 | D30: ='Évolution mensuelle'!D10 | E30: ='Évolution mensuelle'!E10 | F30: ='Évolution mensuelle'!F10 | G30: ='Évolution mensuelle'!G10
A31: Octobre | B31: ='Évolution mensuelle'!B11 | C31: ='Évolution mensuelle'!C11 | D31: ='Évolution mensuelle'!D11 | E31: ='Évolution mensuelle'!E11 | F31: ='Évolution mensuelle'!F11 | G31: ='Évolution mensuelle'!G11
A32: Novembre | B32: ='Évolution mensuelle'!B12 | C32: ='Évolution mensuelle'!C12 | D32: ='Évolution mensuelle'!D12 | E32: ='Évolution mensuelle'!E12 | F32: ='Évolution mensuelle'!F12 | G32: ='Évolution mensuelle'!G12
A33: Décembre | B33: ='Évolution mensuelle'!B13 | C33: ='Évolution mensuelle'!C13 | D33: ='Évolution mensuelle'!D13 | E33: ='Évolution mensuelle'!E13 | F33: ='Évolution mensuelle'!F13 | G33: ='Évolution mensuelle'!G13

Sheet Dashboard
A1: DASHBOARD EXECUTIF | L1: Retour au sommaire
A3: Vue de pilotage mensuelle des activités sanitaires
A5: Consultations | D5: Hospitalisations | G5: Décès hospitaliers
A6: ='Tableaux de synthèse'!B5 -> 41 | D6: ='Tableaux de synthèse'!B6 -> 47 | G6: ='Tableaux de synthèse'!B7 -> 0
A9: Ressources humaines | D9: Interventions bloc | G9: Analyses labo
A10: ='Tableaux de synthèse'!B12 -> 0 | D10: ='Tableaux de synthèse'!B8 -> 0 | G10: ='Tableaux de synthèse'!B11 -> 0
A13: Navigation rapide
A14: Tableaux de synthèse | B14: Ouvrir Tableaux de synthèse
A15: Consultations par âge et sexe | B15: Ouvrir Consultations
A16: Hospitalisations par service | B16: Ouvrir Hospitalisations
A17: Mortalité par tranche d’âge | B17: Ouvrir Morbidité & mortalité
A18: Ressources humaines | B18: Ouvrir Ressources humaines
A19: Maladies notifiables | B19: Ouvrir Maladies notifiables
A20: Programmes de santé | B20: Ouvrir Programmes de santé
A21: Évolution mensuelle | B21: Ouvrir Évolution mensuelle
